dataset,model,label,accuracy,f1,recall,precision
CricketX,chrono_gam,3.0,0.07948717948717948,0.017440836883561343,0.07948717948717948,0.010096153846153847
