dataset,model,label,accuracy,f1,recall,precision
ArrowHead,chrono_gam,0.0,0.4685714285714286,0.45838252196146934,0.4342857142857143,0.6057142857142858
ArrowHead,chrono_gam,1.0,0.6971428571428572,0.7143945578231293,0.7866666666666667,0.6889795918367346
ArrowHead,chrono_gam,2.0,0.37714285714285717,0.1607242659077361,0.10285714285714286,0.45714285714285713
