dataset,model,label,accuracy,f1,recall,precision
Beef,chrono_gam,1.0,0.4,0.5269230769230769,0.6,0.8
Beef,chrono_gam,2.0,0.5,0.6558704453441296,0.7,0.8
Beef,chrono_gam,3.0,0.7333333333333333,0.8389610389610389,0.8833333333333333,0.8200000000000001
Beef,chrono_gam,4.0,0.8,0.8727272727272727,1.0,0.8
Beef,chrono_gam,5.0,0.7333333333333333,0.7666666666666667,0.7666666666666667,0.7666666666666667
